,,,,,,,,,,,cJAva
92929308bdbf320000a558a0b8bc25d74d477bb6,java,html,,,,,,,FALSE,TRUE,FALSE
00d6b1387c198a785e05c0a94dc7cdb4e4df0bb1,java,html,,,,,,,FALSE,TRUE,FALSE
41fa60177d76ee51c222c2a3ec15d945c3809723,java,c/c++,,,,,,,TRUE,TRUE,TRUE
8d350c7d99373ccf130a34a8f6e869f0f7270b9e,java,html,,,,,,,FALSE,TRUE,FALSE
d6289eca9959661b7715e14821f3e64c7fc0d2e2,java,html,,,,,,,FALSE,TRUE,FALSE
0aacf71ea4466b6c7ebca00c57ad0dcf6aad96b4,java,html,,,,,,,FALSE,TRUE,FALSE
6481112fb09e3352a222e65d97e2fb03dbace0c8,java,c,,,,,,,TRUE,TRUE,TRUE
14925461502b5bae2a185f983af6c634118dcc0c,java,c,,,,,,,TRUE,TRUE,TRUE
391f39d2911b5a56ad943816072b2fc9fd30cdca,html,java,,,,,,,FALSE,TRUE,FALSE
73b7763dcb00efd8d12837e4216a37ff9f082c10,c,java,,,,,,,TRUE,TRUE,TRUE
a18e453686fb2f5bbee101367bc40ce40a9f2c49,java,html,c,c++,assembly,,,,TRUE,TRUE,TRUE
16d4db179060a8fa63d54341e3b330e572fb4e1e,java,c,,,,,,,TRUE,TRUE,TRUE
0a752616b7dc12b8552db8713c4171ab88ba7478,c,java,,,,,,,TRUE,TRUE,TRUE
39ce53e6c9a249ce998e9541230819d662dae084,c,java,html,,,,,,TRUE,TRUE,TRUE
f8aabcc50a9f9941de481bd40f673f204ca75203,java,c,assembly,html,,,,,TRUE,TRUE,TRUE
2841c3aaf1132c2cae5a81dec6f7278ac2db8852,c,java,html,,,,,,TRUE,TRUE,TRUE
b7a299f42ac587dee986e0f132557226585da3a3,c,java,,,,,,,TRUE,TRUE,TRUE
88ad275b4410b7ace45a1f4302b519aea01d1679,c,java,html,,,,,,TRUE,TRUE,TRUE
fc7b53e80948ae285f50546bffb275dd1b38ea93,java,html,,,,,,,FALSE,TRUE,FALSE
9dd2d6c18cc3e0aaa9936401be8cc72864729078,java,c,assembly,c++,html,,,,TRUE,TRUE,TRUE
6448c2d8fbbb03af30dac3ffdb17197587b04f59,c,java,html,,,,,,TRUE,TRUE,TRUE
7e2f27fe42ebdd9966e212643c85207fa01b4b36,c,assembly,java,,,,,,TRUE,TRUE,TRUE
87606ccdcc6395848704aa4ad2363d2a987ed586,c,java,,,,,,,TRUE,TRUE,TRUE
425ea821d7cfad55534b1e39beb2d7db973c93d8,java,html,,,,,,,FALSE,TRUE,FALSE
13bc1901dc38c961c8305fd33202b9df3762e78e,c,html,java,,,,,,TRUE,TRUE,TRUE
8d3b41ea4dec901b4bf976ce99ff542d78831cb2,c,java,html,,,,,,TRUE,TRUE,TRUE
f7d1a91aad3cb62b3e08addbcbacacd85908d150,java,html,,,,,,,FALSE,TRUE,FALSE
50eb820c129d298c26035f98e6a93aed9fc52257,java,c,,,,,,,TRUE,TRUE,TRUE
79272c76a5c3da6f0eec45d5fd4a2d4f71834ea6,c,java,,,,,,,TRUE,TRUE,TRUE
1737d6addb952447b3b6ac933f420c09187c3e8b,java,c,,,,,,,TRUE,TRUE,TRUE
66241d1dcbe268ebf09212b9e72b711bd67abdeb,java,c,,,,,,,TRUE,TRUE,TRUE
d1f179a1704d3be3ed288ae1be94e826d48b3044,c,java,,,,,,,TRUE,TRUE,TRUE
9f1da1b562cb46fca2dd0a65e89806964dc61bca,assembly,c,c++,,,,,,TRUE,FALSE,FALSE
a2faba385af49fc298b356514277a8941be1229a,c,java,,,,,,,TRUE,TRUE,TRUE
c7e7798979bf9737428f6b82d1ab9f323757195e,c,java,,,,,,,TRUE,TRUE,TRUE
9b56f7a1e8a7543635b6d63ab8c5809c9663a5b1,c,java,,,,,,,TRUE,TRUE,TRUE
96d017869a1c8c610aab6b54aeb8144ec4eea69a,java,c,,,,,,,TRUE,TRUE,TRUE
ac272df5d30458213e14053aa1ec1975e245a345,c,java,,,,,,,TRUE,TRUE,TRUE
50fe79d660e1991adcf31fffd1fd59e5202d62e0,c,java,,,,,,,TRUE,TRUE,TRUE
d7ed79ea07c54a6d907fc4c78d078784670caea7,java,html,,,,,,,FALSE,TRUE,FALSE
41eb294ce62a242c58e6144a1ee116dbf6de5e06,java,html,,,,,,,FALSE,TRUE,FALSE
3de7eb58a775640313a772e39f384c57709a26c8,java,html,,,,,,,FALSE,TRUE,FALSE
9c0aadce1e437c2cb614993e338c0ec75e0260f3,java,html,,,,,,,FALSE,TRUE,FALSE
7cd7fb8d6c2f1c8b8a72c8f72f246b07b63a0ede,java,html,,,,,,,FALSE,TRUE,FALSE
926ea21fe01b176bcd70f2420aa6943f7c18091b,java,html,,,,,,,FALSE,TRUE,FALSE
27b780560818240c410dbe8b063754fcc12a2fb6,c,html,java,,,,,,TRUE,TRUE,TRUE
7f54d4c040dd54bdb3f2f54a238ea13b2f8f9b76,c,java,,,,,,,TRUE,TRUE,TRUE
5538031da1ba9c51ec17790da3f46e8605a517be,c,java,,,,,,,TRUE,TRUE,TRUE
744d924e1b5d80a63367feb3078c92065e65df43,c,java,,,,,,,TRUE,TRUE,TRUE
edc7c111cb481c99256a50bad228a07c7a110016,c,java,,,,,,,TRUE,TRUE,TRUE
2908b993a38f13aba3b41f08d1c2a92b3389fff2,c,java,,,,,,,TRUE,TRUE,TRUE
d9567609deccfaad9c0a7d3d2b434cd4c4bd9011,java,html,,,,,,,FALSE,TRUE,FALSE
be4326eb83dd4335c1cf61e04524f89b9cb26771,c,java,,,,,,,TRUE,TRUE,TRUE
dd0153f4e3e17c9c29601b77183794405acc361f,c,java,,,,,,,TRUE,TRUE,TRUE
62d31c590232a96065350bda4a190c4b001e7d3d,html,java,,,,,,,FALSE,TRUE,FALSE
5436e605b009ca5d956c8a67302c16ae8a9b5ce0,c,java,html,,,,,,TRUE,TRUE,TRUE
5d764abdc6360c78c1bd7ae8192f07292ad46498,java,c,html,,,,,,TRUE,TRUE,TRUE
68a92623d0c6ad71d01ed11645a8c83f7391e781,c,java,,,,,,,TRUE,TRUE,TRUE
b74deb5e35aebfd04f714e084335cf7db0dfec90,html,java,,,,,,,FALSE,TRUE,FALSE
aeeac8e343e5308de4e10b41e15d980751a4a7d5,java,c,c++,html,,,,,TRUE,TRUE,TRUE
6705513b86030fd7d609d8e03539527d2a553651,c,html,java,,,,,,TRUE,TRUE,TRUE
d9193f44420aa13d2eb2807ecd6ceca68acec283,c,java,,,,,,,TRUE,TRUE,TRUE
6ffbf31eda598511ee2f4cb3b59bb0d83743ee0c,java,c,,,,,,,TRUE,TRUE,TRUE
6c0c9e7d7cbdfd6c59628cc8e8fb652d3f5f83a2,c,java,,,,,,,TRUE,TRUE,TRUE
d8e8889d92b5c2ffa245e6bd20c3278bb408a72f,c,java,,,,,,,TRUE,TRUE,TRUE
fec78713e7b0ca50aec4e4466472574d705028a4,java,c,,,,,,,TRUE,TRUE,TRUE
d64bc68562bb3e96f33e2b0afd698dba3d277ec8,c,java,,,,,,,TRUE,TRUE,TRUE
93ebb9f7a91f08afd009a86e0ed4d8c524a4cc93,c,html,java,,,,,,TRUE,TRUE,TRUE
ca31877107c0234b3846070861b8a3f6c84a92c3,html,java,,,,,,,FALSE,TRUE,FALSE
8530ec12b7d72be6a5b97959c4e0394301eac5b4,c,java,,,,,,,TRUE,TRUE,TRUE
398b12f17670664cf15e7bfc1a3e2a9f71aaa680,c,java,,,,,,,TRUE,TRUE,TRUE
cb19b706d58f01746b0b1a387d0a2fd62e1ca52d,c,java,,,,,,,TRUE,TRUE,TRUE
b8f470ddbd78c3e22b35ef499ffeb677d6367246,c,java,,,,,,,TRUE,TRUE,TRUE
ec169478086db75b5b9d3860ee46bc09efb56f0b,java,c,assembly,,,,,,TRUE,TRUE,TRUE
c39d752ccbc29a32b4540a3fd711313e9b56184e,java,html,,,,,,,FALSE,TRUE,FALSE
9c4232b6e2bec4dc5cea0fdb63ca762315e52c44,java,html,,,,,,,FALSE,TRUE,FALSE
05291932f8c7021db1b0016617fefaeb0ee5d410,java,html,,,,,,,FALSE,TRUE,FALSE
899fcbdfcc36eb1c93830ac2cac4fbc2843a1c15,java,html,,,,,,,FALSE,TRUE,FALSE
0387196f8508471685ced4e60c54cded4a12c846,c,java,,,,,,,TRUE,TRUE,TRUE
951de1aff244eaa5839990dc3430f1b58ecff62e,yaml,python,c,assembly,php,c++,,,TRUE,FALSE,FALSE
462eaba0f4b880ef37881ca85b38754a1052ac24,c,java,,,,,,,TRUE,TRUE,TRUE
eb14038b7b788c1b4743dec4451a6775c62d40fd,java,c,,,,,,,TRUE,TRUE,TRUE
52eed7b510fac9b97d826be55cba763c45ea9293,c,assembly,java,,,,,,TRUE,TRUE,TRUE
a8de00b8e5a2126494b753b513e1e14d097ff530,c,assembly,,,,,,,TRUE,FALSE,FALSE
05a754bc927a936367c5245c7fbccca754af871a,c,assembly,java,,,,,,TRUE,TRUE,TRUE
cadeba6cb53414a1253582f1719c286665de7b6c,c,assembly,,,,,,,TRUE,FALSE,FALSE
c6dddbd02bad9654ed58cdb0feb360934d105dec,c,assembly,,,,,,,TRUE,FALSE,FALSE
0a1ab12a8d15caa894116a82249551f23ef65612,c,assembly,,,,,,,TRUE,FALSE,FALSE
bff4e3b0fd8c546f2f0880bc790bd08fe8fdff63,c,html,java,,,,,,TRUE,TRUE,TRUE
daf616be2296059709bcc3de88354ca7d38ebeb4,c,java,html,,,,,,TRUE,TRUE,TRUE
f41c87d7c92ba0e8dcb48c88753cbc4eddc0db16,c,java,,,,,,,TRUE,TRUE,TRUE
a9cb49704519807a3cf5be62becb9fe89214caab,c,html,java,,,,,,TRUE,TRUE,TRUE
f6eabe7b58ea83e774daf137e0a88eb5e262c2d2,c,assembly,,,,,,,TRUE,FALSE,FALSE
de2de1fdc725ee6b9bab264519d73b2c3650d2f6,c,assembly,,,,,,,TRUE,FALSE,FALSE
e5958a2a159cd87a8168c801f569f5bcc7511c25,c,java,html,,,,,,TRUE,TRUE,TRUE
e658538926e66d0441c32b2ebc2e740fce9e0945,c,java,html,,,,,,TRUE,TRUE,TRUE
ca4f14b55502d2e06f4b0fe444f80ffd51ab08fb,html,java,,,,,,,FALSE,TRUE,FALSE
d42863603efa1f47b91600b4a06fd886ff40dd83,java,html,,,,,,,FALSE,TRUE,FALSE
f5f9afefb03ccc384459032955d38f97d70bbfeb,html,java,,,,,,,FALSE,TRUE,FALSE
dc45e38f11a1d8cd4a5e3bd191ee8d4bd628b5c1,java,html,,,,,,,FALSE,TRUE,FALSE
816317b8a6cbf4e95151ed0ab0bc989a8e4aee7e,java,html,,,,,,,FALSE,TRUE,FALSE
34ab92f0fbca42d461186d5e18c2d2796f3237e3,c,java,,,,,,,TRUE,TRUE,TRUE
1cb727a62a1fd7849f4076bca2cec5db65d52a9e,c,java,,,,,,,TRUE,TRUE,TRUE
7ee4681c10f01f9617c5a3b8ff341f1f7e69f846,c,html,java,,,,,,TRUE,TRUE,TRUE
e047c009a04c48acb4e361786bd1909d4c291f27,java,c,,,,,,,TRUE,TRUE,TRUE
fe1f4a3bac519e9903f7b2e448c2b0c259897023,java,html,,,,,,,FALSE,TRUE,FALSE
657a077cdb5e3fe7c61be013d1a0c600bbebb30f,java,html,,,,,,,FALSE,TRUE,FALSE
3580b58bf679532775edfb5e5a7f1082eb518f83,java,html,,,,,,,FALSE,TRUE,FALSE
7ea92aa9233928c7e1f530dd9914ddd002ec8d73,java,c,html,,,,,,TRUE,TRUE,TRUE
3c06e8b6fd3c6346d6f2c633ab439c5df4501840,java,html,,,,,,,FALSE,TRUE,FALSE
bf89f1d37d06385d5cb71b3a0dcce99c00fc89c9,java,html,,,,,,,FALSE,TRUE,FALSE
c397a0a4e30d046710bc61711bfb4d9cc6ea3cbd,c,java,,,,,,,TRUE,TRUE,TRUE
26a1212546e35c9bb6a93a7f0faa35752535883a,html,java,,,,,,,FALSE,TRUE,FALSE
28fc8ce789cb114a3a4827614c3fd34a70e7aa09,java,c,,,,,,,TRUE,TRUE,TRUE
3823533c1760f9f2d4c3e8349676f0be8f05e893,java,html,,,,,,,FALSE,TRUE,FALSE
598acf08dac493a40bd3b3a62435a3ad47320452,html,java,,,,,,,FALSE,TRUE,FALSE
941ed59c37f92b49c13df91a1563bf1f923608fe,html,java,,,,,,,FALSE,TRUE,FALSE
55eabb84e46bc1b827508323451a20f552875052,html,java,,,,,,,FALSE,TRUE,FALSE
89749c7eb14ecca56d1a7dfbe5218be9a4af8090,java,html,,,,,,,FALSE,TRUE,FALSE
6ed833bf285905607aa88901526ddc67b84d0202,c,java,,,,,,,TRUE,TRUE,TRUE
6cc7f69a5924f33747ab7b6153e26d1e18c495bb,html,java,,,,,,,FALSE,TRUE,FALSE
6d969eb92f4089a32e32fa5b486726250716883a,html,java,,,,,,,FALSE,TRUE,FALSE
2390543445148b46bb60d6281a94c7ab0a8c490e,c,java,,,,,,,TRUE,TRUE,TRUE
8bb92f5c195a3c73547496d866767d4ad8366ae6,c,java,,,,,,,TRUE,TRUE,TRUE
d7bb1e189fee9ff0744b6fbee5fd9e262ffa754a,c,java,,,,,,,TRUE,TRUE,TRUE
294267a6056481b3922f8c96311c3898e821e1b2,html,java,,,,,,,FALSE,TRUE,FALSE
1ae7d8373f9fcaf403897a33d6ea8536602b59fa,c,java,,,,,,,TRUE,TRUE,TRUE
240e2db6370d15a140b0d119cb8b6571c15e2643,c,html,java,,,,,,TRUE,TRUE,TRUE
b10c40260ce795ca74664e7ee731639cdf3739a0,html,java,,,,,,,FALSE,TRUE,FALSE
b331783c01e950a9dad179d66d4394ff818db60d,c,java,html,,,,,,TRUE,TRUE,TRUE
70faac1b6a950b0ab24d9b1eeb09bf0aa57a909a,c,java,html,,,,,,TRUE,TRUE,TRUE
6756267f48e3df3ef3e4b2fee85faa5b8fc13084,java,c,,,,,,,TRUE,TRUE,TRUE
fc33a22f270fb87ae32ec9f1d2be5be5314647ec,c,java,html,,,,,,TRUE,TRUE,TRUE
8523c487c11a996a54659c1ac304fcb7f483ca1a,java,html,,,,,,,FALSE,TRUE,FALSE
3b4f84ded81f4915b90664b8c29913916ed11328,c,html,java,,,,,,TRUE,TRUE,TRUE
f4e6c6ad94540f6dca84aad5ef424d3d3678ca74,html,java,,,,,,,FALSE,TRUE,FALSE
28f94cbd0be38a5162bffafe001ef9963c4bb68e,java,html,,,,,,,FALSE,TRUE,FALSE
b55b60cff47ea44d92b0eaf1f8e530cf91314ac2,c,java,,,,,,,TRUE,TRUE,TRUE
7c43abaf4ef2387a6e04e977cbf0d4700649243c,java,c,,,,,,,TRUE,TRUE,TRUE
e5dcc56056b8107888176448fbace5c0e1ad8111,java,c,,,,,,,TRUE,TRUE,TRUE
32442cd2c45ae1900c6b714d3c0bb33d2e8d8ccf,java,c,,,,,,,TRUE,TRUE,TRUE
7db8868043aab515921c54eee7a060a8f9179000,c,java,html,,,,,,TRUE,TRUE,TRUE
e5b184103066ae018d25d8712acc588b5dd34b62,html,java,,,,,,,FALSE,TRUE,FALSE
872cd3d7c059521353923230109cd21f12705921,html,java,,,,,,,FALSE,TRUE,FALSE
75f3ed2d5a655ae106a99fff2366759aa3b92f16,c,java,,,,,,,TRUE,TRUE,TRUE
caaddd1179a6cbec546d57d771ff58d075629951,c,java,,,,,,,TRUE,TRUE,TRUE
d66e9e98b703d9419cc55f961a3c16fbea52bc5a,c,java,,,,,,,TRUE,TRUE,TRUE
65b19cbbd374122b445a1fe5e9379fbffd06ca4d,html,java,,,,,,,FALSE,TRUE,FALSE
5dc6bfb195a7e309feb17ec9a69b4540b03fc7da,c,java,,,,,,,TRUE,TRUE,TRUE
6fc42f59e16ad0df2dfc01dc4861e8250033c991,c,java,,,,,,,TRUE,TRUE,TRUE
bd243519dfd7f66e75e869f570bf0f5b35ae27bb,c,java,,,,,,,TRUE,TRUE,TRUE
58a5185c209f69369fae1c9f47548cc978e1c5f9,c,java,,,,,,,TRUE,TRUE,TRUE
121430dac15831e57ec2a7998a7129c9618aa435,c,java,,,,,,,TRUE,TRUE,TRUE
97b43889a12b201b10736906c96bd39fe8b72cb8,c,html,java,,,,,,TRUE,TRUE,TRUE
41d6f8eeea6828f4c5283562b6d2e8d44b09cc1b,c,java,,,,,,,TRUE,TRUE,TRUE
4951c00d231a910350e94aae7cfa44dd8c177b7b,html,java,,,,,,,FALSE,TRUE,FALSE
c6ad9adbe01805700401aa612c7dfaee84969cce,java,html,,,,,,,FALSE,TRUE,FALSE
96a38d1895a2050bd6464d7f4d790caf346dc732,html,java,,,,,,,FALSE,TRUE,FALSE
5e91f76f0f57d91adbc771327d8a220e95db033b,java,html,,,,,,,FALSE,TRUE,FALSE
e1025d9337acd0d39238a786770cbf6bd01c4e92,java,c,html,,,,,,TRUE,TRUE,TRUE
2f5e874201a9598fecfa763db94748d3498b9f1a,java,html,,,,,,,FALSE,TRUE,FALSE
bcae16c441ce48ad745da70495631e530df7824a,java,html,,,,,,,FALSE,TRUE,FALSE
5bd2cba2c2607b7ffa1b3d90891ad9bac4a8ca49,java,html,,,,,,,FALSE,TRUE,FALSE
125a65ee8afaf59844089b65966cd6dacab21bf8,c,java,,,,,,,TRUE,TRUE,TRUE
cb2b3867919dee24fa30ccaa633f59c86fa3e0be,java,html,,,,,,,FALSE,TRUE,FALSE
a4cbe0635f72922955fe059cff93e79580c0c864,html,java,,,,,,,FALSE,TRUE,FALSE
38b0cd7780e12a9c5606c2299e33a4b7ba67d700,c,html,java,,,,,,TRUE,TRUE,TRUE
bb11d1fe3728b657b00262e50f435293dfaa0b49,html,java,,,,,,,FALSE,TRUE,FALSE
4ef76d4f85307ca500a79ad29919faa1240c41b1,html,java,,,,,,,FALSE,TRUE,FALSE
8aae40558452837302bb819f4587eb7cc66a48c2,c,assembly,c++,java,html,,,,TRUE,TRUE,TRUE
03ecf2b0bbaabdf4ecb540236d7bc6e273650360,html,java,,,,,,,FALSE,TRUE,FALSE
e7dc918c6a627dbde9bdc579f5e0e2376dab35f2,html,java,,,,,,,FALSE,TRUE,FALSE
49243f18919212f84ef53f0ae7409e63ce87523d,html,java,,,,,,,FALSE,TRUE,FALSE
72aa450ecb4f376c4c96464ca54ce0bbffdbfb67,html,java,,,,,,,FALSE,TRUE,FALSE
c43fc68bc8f6d4d02da8c925d20cd2740f0a49a1,html,java,,,,,,,FALSE,TRUE,FALSE
2eb51bbb131bf07aeb0847a2a4c7a0d0e488a6f7,c,java,,,,,,,TRUE,TRUE,TRUE
df58c84b5a9e9e1d646cd8055855d558a8fecba6,c,java,,,,,,,TRUE,TRUE,TRUE
e8eea9e68eebfea36aa3c12fc95cd947b91e68d6,html,java,,,,,,,FALSE,TRUE,FALSE
d12a6a317841ec48689716a7adbf6e175a320548,c,java,,,,,,,TRUE,TRUE,TRUE
ebf08cfede26f382ce565186831b7655e1095a2d,java,c,html,,,,,,TRUE,TRUE,TRUE
a59e58cc94d21bb2156f3defc87c13d5497970a3,c,html,java,,,,,,TRUE,TRUE,TRUE
be594bb1f64319bf0088b124641f7cbe1ec48699,html,java,,,,,,,FALSE,TRUE,FALSE
77419e28085677b8c735f29effcc3fdf5c91f6c3,c,java,html,,,,,,TRUE,TRUE,TRUE
55cd72baaa8847ee68984ad0ce9b8b5ad3b6f164,html,java,,,,,,,FALSE,TRUE,FALSE
8b0e08f9df8d63b92bbf913075c5dedb66fa0a13,html,java,,,,,,,FALSE,TRUE,FALSE
a676e3acaa96d35a1c1a7dc9bcf627239f81ea07,c,java,,,,,,,TRUE,TRUE,TRUE
2538690fb42d9e2c1722b56e730df2357622918f,c,java,,,,,,,TRUE,TRUE,TRUE
b5f41ef6c7194ff1f58d1f4c17ff75020c9313a5,c,html,java,,,,,,TRUE,TRUE,TRUE
557b3e1c93d343b152f868c0a9272e624e4b1ca4,java,html,,,,,,,FALSE,TRUE,FALSE
b61e701298377500ffc33c76c0be9c1c493e94d9,c,java,,,,,,,TRUE,TRUE,TRUE
d4c4d2bb13938bfad4f9bdc8d2fcf70b8d1813ac,java,c,assembly,,,,,,TRUE,TRUE,TRUE
00e3608c541bf417004585a63da7109bbf0f0218,java,html,,,,,,,FALSE,TRUE,FALSE
672e362ed85a32478e68e9e5558f561ada1234df,html,java,,,,,,,FALSE,TRUE,FALSE
b9995b2ad0c054fde39eee5b6e8aa66ab0e9a6af,c,java,,,,,,,TRUE,TRUE,TRUE
967da4679302e7d096573d5dc34aa595222d9286,c,html,,,,,,,TRUE,FALSE,FALSE
907e2eb411192a638a3191e8a4923437c5820c7c,c,java,html,,,,,,TRUE,TRUE,TRUE
2db72615b50eb5c0f29725c02c740a2f0d7fc7d9,c,assembly,,,,,,,TRUE,FALSE,FALSE
af18df2bc2f52df81e7b5c619bd86db8489dc873,c,assembly,,,,,,,TRUE,FALSE,FALSE
0e5843995f46900ef212531281e08b224464f413,c,assembly,,,,,,,TRUE,FALSE,FALSE
115ab36fceee69740a01ce49bc27e1908cc237b1,c,assembly,,,,,,,TRUE,FALSE,FALSE
fd07c9e40451e0ec1d0475cd54a83d45ccaea2c0,c,assembly,,,,,,,TRUE,FALSE,FALSE
aeb8719a34756969970603fca4568530d56708af,c,assembly,,,,,,,TRUE,FALSE,FALSE
981c32ee115e9f0d6546a74592875e138222a9d1,c,assembly,python,,,,,,TRUE,FALSE,FALSE
7c5e60b5f47d725036a72162f136272bc407e3a1,assembly,c,,,,,,,TRUE,FALSE,FALSE
84d3253f86dad6b4f261231935675d35fd964b05,assembly,c,,,,,,,TRUE,FALSE,FALSE
58e8b66f70cef2e3c9b0e5a707b45d634cbbf5d9,c,assembly,,,,,,,TRUE,FALSE,FALSE
9c00a3f6742d61404b31268cc773e7130ff43331,c,assembly,python,,,,,,TRUE,FALSE,FALSE
213ed15c70e72d666154c08e2b41dae3f61f20d3,c,assembly,,,,,,,TRUE,FALSE,FALSE
1ff9c604bb214b5a305064af1049577ef783730a,assembly,c,,,,,,,TRUE,FALSE,FALSE
3d56106b07735abef6ae9f032e94f560a0ed2f30,c,assembly,,,,,,,TRUE,FALSE,FALSE
da11bece0fde66fc0268db3a01207dda857e25d2,c,assembly,,,,,,,TRUE,FALSE,FALSE
a90e7c82b3e1e7b9289b2f57bcabb559815b31c0,c,assembly,c++,,,,,,TRUE,FALSE,FALSE
25726a3df92cb9846e31de4a7deee232fa620fcf,c,java,,,,,,,TRUE,TRUE,TRUE
8c06f5762f0cff4fc6918fe75758fa127aec68c4,java,c,,,,,,,TRUE,TRUE,TRUE
72778c97df68bca453df528cb0667ccf094a4bf6,html,java,,,,,,,FALSE,TRUE,FALSE
39e6a5860416f7bad992149817e1da1ba7c460d4,python,assembly,,,,,,,FALSE,FALSE,FALSE
39dccddb606f6fdb8dcb177d416e884041da6e30,assembly,c,,,,,,,TRUE,FALSE,FALSE
bd78c9c3311244dd5f877c915b0dff91621dd253,c,assembly,,,,,,,TRUE,FALSE,FALSE
52891f8a93f9b8de801cca4cf05639422dc9773e,c,assembly,,,,,,,TRUE,FALSE,FALSE
3f5b1375ab1e2b8e3d593e21b27097a4a50f9b83,assembly,c,,,,,,,TRUE,FALSE,FALSE
dee20f8e45c486f5018f31e09bb362992aa498c3,c,assembly,,,,,,,TRUE,FALSE,FALSE
76781972a2200bd71f2a125445aa7db0604ac960,c,html,java,,,,,,TRUE,TRUE,TRUE
4a68e4cd9dda2128fcb3c94e9881ff7389f9b90f,html,java,,,,,,,FALSE,TRUE,FALSE
eaf250c3c686d8597dff63be52f6bc07746428a3,html,java,,,,,,,FALSE,TRUE,FALSE
17a514ecd06b72cd3f28c7c096a4264256e10de9,html,java,,,,,,,FALSE,TRUE,FALSE
1106229a5721a659da5c231ec0e8211119615394,c,assembly,,,,,,,TRUE,FALSE,FALSE
c365ee7577bef00cb3c2c0b5224147aea04138d8,c,assembly,,,,,,,TRUE,FALSE,FALSE
8d2d8086b1365d5fdf71f90e54c1a5b5ca3eee11,java,c,,,,,,,TRUE,TRUE,TRUE
a09e503f19fd87a14f8525fd39307957cbe2afe7,html,java,,,,,,,FALSE,TRUE,FALSE
db6678637b2d3857520c06bffbe935ab2b55aa08,html,java,,,,,,,FALSE,TRUE,FALSE
d992ac54a2a9e7e064ffebcb91e05e7cb86185c7,c,assembly,,,,,,,TRUE,FALSE,FALSE
3370fecdf2175a8ba5b263afe01131dbcf4dbde1,java,html,,,,,,,FALSE,TRUE,FALSE
447d5ee94bdec9e194deaacd8cc119856cbcd8d2,html,java,,,,,,,FALSE,TRUE,FALSE
04e36d156078a4166b7037f4702d45e54598eee6,java,c,assembly,html,,,,,TRUE,TRUE,TRUE
3dbaa7984f6c9a6f93e2678f92dea5041131b0d2,c,java,,,,,,,TRUE,TRUE,TRUE
3d817c54da2738a0549ec4a24a86f8ceabed4802,c,java,,,,,,,TRUE,TRUE,TRUE
82c0ea9df21cb24f72fb75f2cf7ceb41d8dd7f1d,c,java,,,,,,,TRUE,TRUE,TRUE
28d31bb9f6010b577fc6e0ac39c99e02a1f502e5,c,html,java,,,,,,TRUE,TRUE,TRUE
7cfcd2daef9dcab78bd98cd51a695e366b466f8a,html,java,,,,,,,FALSE,TRUE,FALSE
1671b1fb8b74eb4eb935ededc2d1470730b5e006,html,java,,,,,,,FALSE,TRUE,FALSE
a26a696e34e8314cd42f04912343eabdb068bd23,c,java,,,,,,,TRUE,TRUE,TRUE
acf75ce7fee97c7d237825734f2181984fad46ae,java,html,,,,,,,FALSE,TRUE,FALSE
30146f874408dad27cbce51b59933fa14d96fbe8,html,java,,,,,,,FALSE,TRUE,FALSE
0cad4386fa4c9ea5f8ca88b16247db4e5c8fea90,c,assembly,,,,,,,TRUE,FALSE,FALSE
2340e7a777902de61499d47823ad8d5e0eeb6203,c,assembly,,,,,,,TRUE,FALSE,FALSE
3b836249feae6d08d3e6887486e4b9961ddafa09,c,assembly,,,,,,,TRUE,FALSE,FALSE
f2c2a4fce9b3eca9f39b4f3545118bc256da4a73,c,assembly,,,,,,,TRUE,FALSE,FALSE
c3042afaf3f84abbbe9c91bf9bc9896b0d9eb003,c,c++,,,,,,,TRUE,FALSE,FALSE
cf54ca9551e2afce78d8a51b75397158242afb1c,html,java,,,,,,,FALSE,TRUE,FALSE
4e590c94500477ba3f63fbb8b940ed0635ce42fb,c,html,java,,,,,,TRUE,TRUE,TRUE
9e25d52679a1e3bbf72a864cd31e87e90008e26e,html,java,,,,,,,FALSE,TRUE,FALSE
1f98d4f6ffeb1bf6b0f34fb8d3a10a36f41b948e,html,java,,,,,,,FALSE,TRUE,FALSE
0e25e979a278ec6a3a697c0d6d71bb281455ff6a,html,java,,,,,,,FALSE,TRUE,FALSE
004e63c4331bfdac500e3384384f9a256ad55cda,c,html,java,,,,,,TRUE,TRUE,TRUE
543e3fca98a3348305cb1c76727fbbe0c0c559ca,assembly,html,java,,,,,,FALSE,TRUE,FALSE
225296f253dfa9bfeb2d6803b33273405b1762d1,html,java,,,,,,,FALSE,TRUE,FALSE
6944871c42ca2ec06f8c86201ea6efd9bfdba4cb,html,java,,,,,,,FALSE,TRUE,FALSE
9ee115d1a07aa6c5668bb11c56e118f2a79b87b2,c,html,,,,,,,TRUE,FALSE,FALSE
b4c1390af86c45a32d10669e4d1d9f35cac3b11a,html,java,,,,,,,FALSE,TRUE,FALSE
ccaf3c283bf28200057e65b0870ca89bb40fdbdf,html,java,,,,,,,FALSE,TRUE,FALSE
2fef67a08d3a90b8b2a04a0a3cb57a959e22a0a1,html,java,,,,,,,FALSE,TRUE,FALSE
ca9851b31168fe89e83c4a0a669cf996152c6ac4,java,html,,,,,,,FALSE,TRUE,FALSE
c9de508a2cda56b8c263d59eeff62451260e66c8,java,html,,,,,,,FALSE,TRUE,FALSE
15db1cf3858632760197a680c84565d47e7c8c6e,java,html,,,,,,,FALSE,TRUE,FALSE
a46ba0da29ff8337acab81eae534b45b1076fe3e,html,java,,,,,,,FALSE,TRUE,FALSE
9b77631dd50db390869b135adcba56df090e8f45,c,c++,java,,,,,,TRUE,TRUE,TRUE
07cc7a37194bc34064ebed7f2724333a798411c8,c,assembly,,,,,,,TRUE,FALSE,FALSE
95568d76d3099b87abaf93cd10f26078b1931fa7,html,java,,,,,,,FALSE,TRUE,FALSE
e40cf0a1c4cd8f59605d9ceac7e8cb81da191d25,html,java,,,,,,,FALSE,TRUE,FALSE
fc0a83933db1cf60944fabd38cc142613c6ae095,c,assembly,,,,,,,TRUE,FALSE,FALSE
c1546634558eed99af568576095fcb9e87a86e65,c,java,,,,,,,TRUE,TRUE,TRUE
9fa1f7b98119c1b90d6dbb748d087d0d5ed7de65,html,java,,,,,,,FALSE,TRUE,FALSE
b069d1c9e94d672fdbb2fdef05b1b5311de229eb,c,java,,,,,,,TRUE,TRUE,TRUE
0c129ff02e138c0884d2d181cef16f2b38dc31e5,html,java,,,,,,,FALSE,TRUE,FALSE
bc5036bd347f5b45a927335a85235863ed42a1d3,html,java,,,,,,,FALSE,TRUE,FALSE
402b7ef67e9dc10ade10adbd49d8ffbd26912cf3,html,java,,,,,,,FALSE,TRUE,FALSE
9d5db40d3f7e6a3c2643766e3e33adc569e3d1e9,html,java,,,,,,,FALSE,TRUE,FALSE
81ca0409181f6f50178891fcfcac9e41696d87cf,c,java,,,,,,,TRUE,TRUE,TRUE
77175b3f7234e4875a4ef554ed1fe9fdc4133794,c,assembly,c++,,,,,,TRUE,FALSE,FALSE
e680ecfbfca1da8d1823e48bc89b8375e66e128b,assembly,c,c++,,,,,,TRUE,FALSE,FALSE
acc46605f2d95d67d69398e7644610f10a157ce3,c,c++,,,,,,,TRUE,FALSE,FALSE
92a515c33efe91be3cb0258f01c63aff208489c7,c,c++,,,,,,,TRUE,FALSE,FALSE
6c8c455f5b132f4b0cb45257c01d45343c0b1933,c,java,,,,,,,TRUE,TRUE,TRUE
a8b0d40ff908e275028f676870c31d0d70274a98,c,assembly,,,,,,,TRUE,FALSE,FALSE
4d39ddee677bbb61d621893b91e11eac5e7c4af7,c,assembly,,,,,,,TRUE,FALSE,FALSE
ccabd2b16be883cd03e5f0cd88ccfdd6ca39239d,c,assembly,c++,,,,,,TRUE,FALSE,FALSE
260d513fea00b3613fe957a44a157fe72c4ca29e,c,assembly,,,,,,,TRUE,FALSE,FALSE
a266ef7337a4887e5195081a38accfdccf96331b,c,c++,,,,,,,TRUE,FALSE,FALSE
f9b918a05bc8c975be4916254ef51ac33f40d16b,c,assembly,,,,,,,TRUE,FALSE,FALSE
862a32e97e59b9a0cb59e14264fb5129e79b1b17,html,java,,,,,,,FALSE,TRUE,FALSE
61254c6cc4505dd5eba41b622c959a8f5c1e162f,java,c,html,,,,,,TRUE,TRUE,TRUE
cf75057b67316c30cfaed7a264a40933a8c3afea,html,java,,,,,,,FALSE,TRUE,FALSE
7af42da5d2e6385df0d621293ca2b5943b2dbf13,html,java,,,,,,,FALSE,TRUE,FALSE
a623f374b14e09515dd82a84d8a64a768d7d62c6,c,html,,,,,,,TRUE,FALSE,FALSE
0efce8e9b40bd4328abe046a63baf4e10940e035,c++,java,,,,,,,TRUE,TRUE,TRUE
bc75c54bd311658005b065f1bf201b204c81cbca,c,assembly,,,,,,,TRUE,FALSE,FALSE
f9e40776d488d5ecf43b3ae21444a1a2f6eca528,c,assembly,,,,,,,TRUE,FALSE,FALSE
6e2de5eee316a4579869aff50c7c5f6f478582d8,c,assembly,,,,,,,TRUE,FALSE,FALSE
abc0bbf3813dc43e23d4c23e6fe794dbf287639b,c,assembly,,,,,,,TRUE,FALSE,FALSE
36ebf4a0343d16c12e002ee1e86785c87fca3400,c,java,,,,,,,TRUE,TRUE,TRUE
77be329ed085c302b8d359a651ca3f45091d1cdb,c,java,,,,,,,TRUE,TRUE,TRUE
fa7bdc4fcd726e2ecd1169c123bbabdd046884b5,c,java,,,,,,,TRUE,TRUE,TRUE
78cdc63b76c6ae9a8c88f7244ee7b5a10b96f606,java,html,,,,,,,FALSE,TRUE,FALSE
05f44f3c62a4b82042b3b513c1e9a9a454849b97,c,java,,,,,,,TRUE,TRUE,TRUE
4ca2eaaedac4273e2b21894500e22a6dbade2df1,c,java,,,,,,,TRUE,TRUE,TRUE
6e01d2935537105c543b111e73640b5c38091639,c,java,,,,,,,TRUE,TRUE,TRUE
2dbf801eb427cbf5021a9e1e512b5fc523524700,c,assembly,,,,,,,TRUE,FALSE,FALSE
6fdb7de0fe3b7385e1fd78812ae69d9b3069d994,c,assembly,,,,,,,TRUE,FALSE,FALSE
5435965f9015ce40584c98d3816c3d05e7de1d21,c,assembly,,,,,,,TRUE,FALSE,FALSE
8807355af34cba8ffe87aee51152dfccec2771fa,c,assembly,,,,,,,TRUE,FALSE,FALSE
c4860de618f4956283f5c8230a2544e403dfe390,c,assembly,,,,,,,TRUE,FALSE,FALSE
1359dfc6582680a158b3caa3efb7a368da4aa12d,c,assembly,,,,,,,TRUE,FALSE,FALSE
bc7144b01b9707ef35f1a2e3e6996e005e82953a,c,assembly,,,,,,,TRUE,FALSE,FALSE
f893d2273355710a290a26faebf5f12c3a34d0e3,c,assembly,,,,,,,TRUE,FALSE,FALSE
